{"message_len_bits": 80, "loop_error": 0.0, "avg_NLL": 4.744369597609242, "avg_KL": 3.526737800493831, "avg_Hq": 2.8969917917519257, "words_per_bit": 0.4819277108433735, "medium_entropy_raw/mean": 3.1920268970592995, "medium_entropy_raw/std": 2.300887305460501, "medium_entropy_raw/80": 5.940954600428207, "medium_entropy_raw/20": 0.9772772614204901, "medium_entropy_raw/95": 7.3690865133687575, "medium_entropy_raw/5": 0.09879626896866803, "medium_entropy/mean": 2.8969917917519252, "medium_entropy/std": 2.1843053917308626, "medium_entropy/80": 5.508475623758146, "medium_entropy/20": 0.7331011614897273, "medium_entropy/95": 6.872805602007044, "medium_entropy/5": 0.06455097561507872, "medium_entropy_over_raw/mean": 0.8741642594278651, "medium_entropy_over_raw/std": 0.1483196667627225, "medium_entropy_over_raw/80": 0.9254699206445786, "medium_entropy_over_raw/20": 0.8940668359080853, "medium_entropy_over_raw/95": 0.9326536728180111, "medium_entropy_over_raw/5": 0.7161737555310014, "medium_logit_dim/mean": 190.575, "medium_logit_dim/std": 266.06407945267625, "medium_logit_dim/80": 366, "medium_logit_dim/20": 13, "medium_logit_dim/95": 780, "medium_logit_dim/5": 2, "enc_t_step_no_medium/mean": 0.004776167869567871, "enc_t_step_no_medium/std": 0.008341326155904986, "enc_t_step_no_medium/80": 0.006318569183349609, "enc_t_step_no_medium/20": 0.0005831718444824219, "enc_t_step_no_medium/95": 0.0337064266204834, "enc_t_step_no_medium/5": 0.0004706382751464844, "enc_t_medium_per_step/mean": 0.012201333657289162, "enc_t_medium_per_step/std": 0.006122381489198026, "enc_t_medium_per_step/80": 0.014196634292602539, "enc_t_medium_per_step/20": 0.008169174194335938, "enc_t_medium_per_step/95": 0.025787353515625, "enc_t_medium_per_step/5": 0.00797271728515625, "n_steps": 40, "bits_per_step": 2.0, "steps_per_bit": 0.5, "eff": 0.6903713036723935, "eff_raw": 0.6265611363872053, "eff_output": 2.0, "enc_t_wall": 0.6877970695495605, "enc_t_wall_per_step": 0.017194926738739014, "_timestamp": 1705383328.9044082, "iter": 99, "public_message_len": 40, "dec_t_medium_per_step/mean": 0.012444257736206055, "dec_t_medium_per_step/std": 0.00617075582512366, "BPE_ERROR/mean": 0.0, "BPE_ERROR/std": 0.0, "dec_t_step_no_medium/mean": 0.004314850538204878, "dec_t_step_no_medium/std": 0.008266239205600599, "dec_t_wall": 0.6817498207092285, "success": 1.0, "agg_success/mean": 1.0, "agg_success/std": 0.0, "agg_success/80": 1.0, "agg_success/20": 1.0, "agg_success/95": 1.0, "agg_success/05": 1.0, "t_wall_tot": 1.370582103729248, "agg_message_len_bits/mean": 80.0, "agg_message_len_bits/std": 0.0, "agg_message_len_bits/80": 80, "agg_message_len_bits/20": 80, "agg_message_len_bits/95": 80, "agg_message_len_bits/05": 80, "agg_loop_error/mean": 0.0, "agg_loop_error/std": 0.0, "agg_loop_error/80": 0.0, "agg_loop_error/20": 0.0, "agg_loop_error/95": 0.0, "agg_loop_error/05": 0.0, "agg_avg_NLL/mean": 7.288344379511268, "agg_avg_NLL/std": 0.9234250712399412, "agg_avg_NLL/80": 8.13142936937992, "agg_avg_NLL/20": 6.584078563561753, "agg_avg_NLL/95": 8.915868193334058, "agg_avg_NLL/05": 5.687933840896335, "agg_avg_KL/mean": 5.849971069838111, "agg_avg_KL/std": 0.6992780727738562, "agg_avg_KL/80": 6.5851794865184665, "agg_avg_KL/20": 5.248072897697763, "agg_avg_KL/95": 6.9861172119009955, "agg_avg_KL/05": 4.787082192294123, "agg_avg_Hq/mean": 4.934892610526535, "agg_avg_Hq/std": 0.8662747658968913, "agg_avg_Hq/80": 5.5590848203685095, "agg_avg_Hq/20": 4.287610283390907, "agg_avg_Hq/95": 6.403539804735667, "agg_avg_Hq/05": 3.5477207735890737, "agg_words_per_bit/mean": 0.24873536538735197, "agg_words_per_bit/std": 0.06847294878561916, "agg_words_per_bit/80": 0.3023255813953488, "agg_words_per_bit/20": 0.19318181818181818, "agg_words_per_bit/95": 0.3953488372093023, "agg_words_per_bit/05": 0.15476190476190477, "agg_medium_entropy_raw/mean/mean": 5.326303214200006, "agg_medium_entropy_raw/mean/std": 0.9127565676987442, "agg_medium_entropy_raw/mean/80": 5.981119628826324, "agg_medium_entropy_raw/mean/20": 4.63958010782477, "agg_medium_entropy_raw/mean/95": 6.890263697388985, "agg_medium_entropy_raw/mean/05": 3.8518438426640027, "agg_medium_entropy_raw/std/mean": 2.322182879166112, "agg_medium_entropy_raw/std/std": 0.4405643124881998, "agg_medium_entropy_raw/std/80": 2.627440349385615, "agg_medium_entropy_raw/std/20": 1.9879827905770087, "agg_medium_entropy_raw/std/95": 3.1410310213925503, "agg_medium_entropy_raw/std/05": 1.7145207686473318, "agg_medium_entropy_raw/80/mean": 7.470970247266868, "agg_medium_entropy_raw/80/std": 1.019333393046727, "agg_medium_entropy_raw/80/80": 8.311925739236587, "agg_medium_entropy_raw/80/20": 6.668157857236158, "agg_medium_entropy_raw/80/95": 9.266959981898871, "agg_medium_entropy_raw/80/05": 5.854801177958743, "agg_medium_entropy_raw/20/mean": 3.2204548387067558, "agg_medium_entropy_raw/20/std": 1.431884602317404, "agg_medium_entropy_raw/20/80": 4.274377732022104, "agg_medium_entropy_raw/20/20": 2.117916044443471, "agg_medium_entropy_raw/20/95": 5.8347833051475435, "agg_medium_entropy_raw/20/05": 1.0584277971586378, "agg_medium_entropy_raw/95/mean": 8.784425290891795, "agg_medium_entropy_raw/95/std": 1.0301724214348673, "agg_medium_entropy_raw/95/80": 9.788406322339466, "agg_medium_entropy_raw/95/20": 7.8251237461258425, "agg_medium_entropy_raw/95/95": 10.401928214730566, "agg_medium_entropy_raw/95/05": 7.339899956638583, "agg_medium_entropy_raw/5/mean": 1.1370207150602585, "agg_medium_entropy_raw/5/std": 1.2149652457949838, "agg_medium_entropy_raw/5/80": 1.9941617109210976, "agg_medium_entropy_raw/5/20": 0.07924478958840211, "agg_medium_entropy_raw/5/95": 4.059273860038038, "agg_medium_entropy_raw/5/05": 0.009425912815627817, "agg_medium_entropy/mean/mean": 4.934892610526535, "agg_medium_entropy/mean/std": 0.8662747658968915, "agg_medium_entropy/mean/80": 5.5590848203685095, "agg_medium_entropy/mean/20": 4.287610283390908, "agg_medium_entropy/mean/95": 6.403539804735667, "agg_medium_entropy/mean/05": 3.5477207735890732, "agg_medium_entropy/std/mean": 2.198262189336518, "agg_medium_entropy/std/std": 0.41541881587960555, "agg_medium_entropy/std/80": 2.504280367144778, "agg_medium_entropy/std/20": 1.8767942969378233, "agg_medium_entropy/std/95": 2.9653761785019994, "agg_medium_entropy/std/05": 1.6249919919499225, "agg_medium_entropy/80/mean": 6.967107699879724, "agg_medium_entropy/80/std": 0.9891011084729493, "agg_medium_entropy/80/80": 7.784468833063722, "agg_medium_entropy/80/20": 6.179468240895383, "agg_medium_entropy/80/95": 8.72035693554787, "agg_medium_entropy/80/05": 5.403548351285003, "agg_medium_entropy/20/mean": 2.93518852047026, "agg_medium_entropy/20/std": 1.3341717928611483, "agg_medium_entropy/20/80": 3.9074566709645624, "agg_medium_entropy/20/20": 1.9120361106038628, "agg_medium_entropy/20/95": 5.377749529767975, "agg_medium_entropy/20/05": 0.9499741359951173, "agg_medium_entropy/95/mean": 8.257300257849197, "agg_medium_entropy/95/std": 1.0158343888981831, "agg_medium_entropy/95/80": 9.261893734149412, "agg_medium_entropy/95/20": 7.299884718601331, "agg_medium_entropy/95/95": 9.845173965589504, "agg_medium_entropy/95/05": 6.846605060918066, "agg_medium_entropy/5/mean": 1.0136789073026926, "agg_medium_entropy/5/std": 1.118262336959821, "agg_medium_entropy/5/80": 1.798395315885472, "agg_medium_entropy/5/20": 0.06243401426258769, "agg_medium_entropy/5/95": 3.712260977217359, "agg_medium_entropy/5/05": 0.007133282095865283, "agg_medium_entropy_over_raw/mean/mean": 0.9178513015727551, "agg_medium_entropy_over_raw/mean/std": 0.01141890968082942, "agg_medium_entropy_over_raw/mean/80": 0.9238377590655589, "agg_medium_entropy_over_raw/mean/20": 0.9162580337074581, "agg_medium_entropy_over_raw/mean/95": 0.928450129185253, "agg_medium_entropy_over_raw/mean/05": 0.8998690274374984, "agg_medium_entropy_over_raw/std/mean": 0.023005579354196257, "agg_medium_entropy_over_raw/std/std": 0.038826361051573485, "agg_medium_entropy_over_raw/std/80": 0.01650048378654606,