{"message_len_bits": 80, "loop_error": 0.0, "avg_NLL": 7.519306890692432, "avg_KL": 6.3619909427131835, "avg_Hq": 4.485305783863342, "words_per_bit": 0.2345679012345679, "medium_entropy_raw/mean": 4.839937741917344, "medium_entropy_raw/std": 2.9424719386682807, "medium_entropy_raw/80": 8.35333965044144, "medium_entropy_raw/20": 1.8271391791236213, "medium_entropy_raw/95": 9.282659667390469, "medium_entropy_raw/5": 0.1503904271690364, "medium_entropy/mean": 4.485305783863342, "medium_entropy/std": 2.7799664007238656, "medium_entropy/80": 7.83133683215635, "medium_entropy/20": 1.646430062016149, "medium_entropy/95": 8.737018623987462, "medium_entropy/5": 0.12288066978781122, "medium_entropy_over_raw/mean": 0.9131530965076603, "medium_entropy_over_raw/std": 0.02712999571491681, "medium_entropy_over_raw/80": 0.9365883324247197, "medium_entropy_over_raw/20": 0.9010972348619065, "medium_entropy_over_raw/95": 0.9412193204368121, "medium_entropy_over_raw/5": 0.8170777362690469, "medium_logit_dim/mean": 1709.1052631578948, "medium_logit_dim/std": 1436.0705852296303, "medium_logit_dim/80": 3118, "medium_logit_dim/20": 305, "medium_logit_dim/95": 4391, "medium_logit_dim/5": 4, "enc_t_step_no_medium/mean": 0.06535087133708753, "enc_t_step_no_medium/std": 0.08661493241241448, "enc_t_step_no_medium/80": 0.1191866397857666, "enc_t_step_no_medium/20": 0.003827810287475586, "enc_t_step_no_medium/95": 0.30405259132385254, "enc_t_step_no_medium/5": 0.0004916191101074219, "enc_t_medium_per_step/mean": 0.045717318852742515, "enc_t_medium_per_step/std": 0.032927758192215544, "enc_t_medium_per_step/80": 0.07784247398376465, "enc_t_medium_per_step/20": 0.015468597412109375, "enc_t_medium_per_step/95": 0.10694527626037598, "enc_t_medium_per_step/5": 0.007920503616333008, "n_steps": 19, "bits_per_step": 4.2105263157894735, "steps_per_bit": 0.2375, "eff": 0.9387378517062462, "eff_raw": 0.8699546441110773, "eff_output": 4.2105263157894735, "enc_t_wall": 2.124556541442871, "enc_t_wall_per_step": 0.11181876533909847, "_timestamp": 1705387176.7503598, "iter": 99, "public_message_len": 19, "dec_t_medium_per_step/mean": 0.046579059801603616, "dec_t_medium_per_step/std": 0.03217092961882375, "BPE_ERROR/mean": 0.0, "BPE_ERROR/std": 0.0, "dec_t_step_no_medium/mean": 0.06812996334499782, "dec_t_step_no_medium/std": 0.08772178992291084, "dec_t_wall": 2.1198275089263916, "success": 1.0, "agg_success/mean": 1.0, "agg_success/std": 0.0, "agg_success/80": 1.0, "agg_success/20": 1.0, "agg_success/95": 1.0, "agg_success/05": 1.0, "t_wall_tot": 4.245774745941162, "agg_message_len_bits/mean": 80.0, "agg_message_len_bits/std": 0.0, "agg_message_len_bits/80": 80, "agg_message_len_bits/20": 80, "agg_message_len_bits/95": 80, "agg_message_len_bits/05": 80, "agg_loop_error/mean": 0.0, "agg_loop_error/std": 0.0, "agg_loop_error/80": 0.0, "agg_loop_error/20": 0.0, "agg_loop_error/95": 0.0, "agg_loop_error/05": 0.0, "agg_avg_NLL/mean": 7.252355136044113, "agg_avg_NLL/std": 0.9257981388096782, "agg_avg_NLL/80": 8.140041049784786, "agg_avg_NLL/20": 6.464648925475828, "agg_avg_NLL/95": 8.556333885866891, "agg_avg_NLL/05": 5.556644478479726, "agg_avg_KL/mean": 5.957560976485682, "agg_avg_KL/std": 0.6084658791111038, "agg_avg_KL/80": 6.464852124655326, "agg_avg_KL/20": 5.433444386115518, "agg_avg_KL/95": 7.038320827704421, "agg_avg_KL/05": 4.999632140272928, "agg_avg_Hq/mean": 4.746195123036757, "agg_avg_Hq/std": 0.7732403157248069, "agg_avg_Hq/80": 5.340325260538107, "agg_avg_Hq/20": 4.200285131949325, "agg_avg_Hq/95": 6.03151241820633, "agg_avg_Hq/05": 3.499029583859538, "agg_words_per_bit/mean": 0.2576842583132704, "agg_words_per_bit/std": 0.0678959083172578, "agg_words_per_bit/80": 0.3058823529411765, "agg_words_per_bit/20": 0.20689655172413793, "agg_words_per_bit/95": 0.3875, "agg_words_per_bit/05": 0.16091954022988506, "agg_medium_entropy_raw/mean/mean": 5.128188712997926, "agg_medium_entropy_raw/mean/std": 0.8205744115446189, "agg_medium_entropy_raw/mean/80": 5.764077879176338, "agg_medium_entropy_raw/mean/20": 4.560228651932001, "agg_medium_entropy_raw/mean/95": 6.466582310806365, "agg_medium_entropy_raw/mean/05": 3.796356517045882, "agg_medium_entropy_raw/std/mean": 2.2814796846998204, "agg_medium_entropy_raw/std/std": 0.39441074395791836, "agg_medium_entropy_raw/std/80": 2.5971292901427563, "agg_medium_entropy_raw/std/20": 1.9479529706337764, "agg_medium_entropy_raw/std/95": 2.9424719386682807, "agg_medium_entropy_raw/std/05": 1.7237327946921188, "agg_medium_entropy_raw/80/mean": 7.2842349126867125, "agg_medium_entropy_raw/80/std": 0.9010523644150605, "agg_medium_entropy_raw/80/80": 8.037342425021768, "agg_medium_entropy_raw/80/20": 6.5542570032921805, "agg_medium_entropy_raw/80/95": 9.066376546816025, "agg_medium_entropy_raw/80/05": 5.909922558742949, "agg_medium_entropy_raw/20/mean": 3.0859786334577253, "agg_medium_entropy_raw/20/std": 1.1793552528163371, "agg_medium_entropy_raw/20/80": 4.149454115798765, "agg_medium_entropy_raw/20/20": 2.173692536720386, "agg_medium_entropy_raw/20/95": 4.74726499101118, "agg_medium_entropy_raw/20/05": 0.8553683404057053, "agg_medium_entropy_raw/95/mean": 8.713823221884978, "agg_medium_entropy_raw/95/std": 0.8577429754550223, "agg_medium_entropy_raw/95/80": 9.44951615982429, "agg_medium_entropy_raw/95/20": 7.960552158018622, "agg_medium_entropy_raw/95/95": 10.143515776182968, "agg_medium_entropy_raw/95/05": 7.469877725317406, "agg_medium_entropy_raw/5/mean": 1.1117303025564151, "agg_medium_entropy_raw/5/std": 1.0991663005964167, "agg_medium_entropy_raw/5/80": 1.951393302332014, "agg_medium_entropy_raw/5/20": 0.13329225845910242, "agg_medium_entropy_raw/5/95": 3.3192468557394754, "agg_medium_entropy_raw/5/05": 0.020156583856120208, "agg_medium_entropy/mean/mean": 4.746195123036757, "agg_medium_entropy/mean/std": 0.7732403157248068, "agg_medium_entropy/mean/80": 5.340325260538108, "agg_medium_entropy/mean/20": 4.200285131949326, "agg_medium_entropy/mean/95": 6.03151241820633, "agg_medium_entropy/mean/05": 3.499029583859539, "agg_medium_entropy/std/mean": 2.157618875441015, "agg_medium_entropy/std/std": 0.36876496315731094, "agg_medium_entropy/std/80": 2.4385770713567023, "agg_medium_entropy/std/20": 1.8633071411361948, "agg_medium_entropy/std/95": 2.7799664007238656, "agg_medium_entropy/std/05": 1.6207814051726057, "agg_medium_entropy/80/mean": 6.787483966959338, "agg_medium_entropy/80/std": 0.8751073592178931, "agg_medium_entropy/80/80": 7.523238041413872, "agg_medium_entropy/80/20": 6.077002646592627, "agg_medium_entropy/80/95": 8.531905712685813, "agg_medium_entropy/80/05": 5.449640693765366, "agg_medium_entropy/20/mean": 2.8093917478199297, "agg_medium_entropy/20/std": 1.086723988765286, "agg_medium_entropy/20/80": 3.7990396225562284, "agg_medium_entropy/20/20": 1.9628726435351875, "agg_medium_entropy/20/95": 4.348974396556795, "agg_medium_entropy/20/05": 0.7657132777873175, "agg_medium_entropy/95/mean": 8.185959551999453, "agg_medium_entropy/95/std": 0.8457458499090428, "agg_medium_entropy/95/80": 8.911250400619522, "agg_medium_entropy/95/20": 7.442407619554383, "agg_medium_entropy/95/95": 9.597555416644191, "agg_medium_entropy/95/05": 6.958019331180213, "agg_medium_entropy/5/mean": 0.9961769871222941, "agg_medium_entropy/5/std": 1.004295210233031, "agg_medium_entropy/5/80": 1.7594285434979564, "agg_medium_entropy/5/20": 0.10249990257889505, "agg_medium_entropy/5/95": 3.0168768228660254, "agg_medium_entropy/5/05": 0.012212778302463166, "agg_medium_entropy_over_raw/mean/mean": 0.9173892029117625, "agg_medium_entropy_over_raw/mean/std": 0.010206897644771177, "agg_medium_entropy_over_raw/mean/80": 0.9230538562913199, "agg_medium_entropy_over_raw/mean/20": 0.9153003461850413, "agg_medium_entropy_over_raw/mean/95": 0.9263073876632454, "agg_medium_entropy_over_raw/mean/05": 0.9061583506855657, "agg_medium_entropy_over_raw/std/mean": 0.0198081331758019, "agg_medium_entropy_over_raw/std/std": 0.03408782408969379,